"F_ctrlType","p_ctrlType"
1.68389673525496,0.190768471379529
6.17197678302991,0.00294941129116643
6.53857894306509,0.00212893922384948
10.1296224104325,9.71050031866004e-05
35.5520069383516,1.92727952858886e-12
